{"flutter":{"platforms":{"ios":{"default":{"projectId":"ee88-fittrack","appId":"1:83582288402:ios:6f4d9480b9c99ee58ececb","uploadDebugSymbols":false,"fileOutput":"ios/Runner/GoogleService-Info.plist"}},"dart":{"lib/firebase_options.dart":{"projectId":"ee88-fittrack","configurations":{"android":"1:83582288402:android:4826759cf93d9cea8ececb","ios":"1:83582288402:ios:6f4d9480b9c99ee58ececb"}}},"android":{"default":{"projectId":"ee88-fittrack","appId":"1:83582288402:android:4826759cf93d9cea8ececb","fileOutput":"android/app/google-services.json"}}}}}