[
  {
    "foodCode": "a11101",
    "foodName": "面条",
    "foodNameEn": "noodle",
    "edible": "100",
    "water": "29.0",
    "energyKCal": "277",
    "energyKJ": "1176",
    "protein": "8.9",
    "fat": "0.4",
    "CHO": "60.7",
    "dietaryFiber": "",
    "cholesterol": "0",
    "ash": "1.0",
    "vitaminA": "0",
    "carotene": "0",
    "retinol": "0",
    "thiamin": "0.07",
    "riboflavin": "0.02",
    "niacin": "1.10",
    "vitaminC": "0",
    "vitaminETotal": "Tr",
    "vitaminE1": "Tr",
    "vitaminE2": "Tr",
    "vitaminE3": "Tr",
    "Ca": "24",
    "P": "92",
    "K": "102",
    "Na": "11.5",
    "Mg": "29",
    "Fe": "0.4",
    "Zn": "0.12",
    "Se": "2.34",
    "Cu": "0.02",
    "Mn": "0.04",
    "remark": "北京",
    "tags": "1",
    "category": "Staple Food"
  },
  {
    "foodCode": "a11102",
    "foodName": "玉米",
    "foodNameEn": "corn",
    "edible": "46",
    "water": "71.3",
    "energyKCal": "112",
    "energyKJ": "469",
    "protein": "4.0",
    "fat": "1.2",
    "CHO": "22.8",
    "dietaryFiber": "2.9",
    "cholesterol": "0",
    "ash": "0.7",
    "vitaminA": "",
    "carotene": "",
    "retinol": "0",
    "thiamin": "0.16",
    "riboflavin": "0.11",
    "niacin": "1.8",
    "vitaminC": "16",
    "vitaminETotal": "0.46",
    "vitaminE1": "Tr",
    "vitaminE2": "0.14",
    "vitaminE3": "0.32",
    "Ca": "-",
    "P": "117.0",
    "K": "238",
    "Na": "1.1",
    "Mg": "32.0",
    "Fe": "1.1",
    "Zn": "0.90",
    "Se": "1.63",
    "Cu": "",
    "Mn": "0.09",
    "remark": "0.22",
    "tags": "1",
    "category": "Staple Food"
  },
  {
    "foodCode": "a11103",
    "foodName": "米",
    "foodNameEn": "rice",
    "edible": "100",
    "water": "13.3",
    "energyKCal": "346",
    "energyKJ": "1453",
    "protein": "7.9 0.9",
    "fat": "77.2",
    "CHO": "",
    "dietaryFiber": "0.6",
    "cholesterol": "0",
    "ash": "0.7",
    "vitaminA": "0.0",
    "carotene": "0 0",
    "retinol": "0.15",
    "thiamin": "0.04",
    "niacin": "2.00",
    "vitaminC": "0",
    "vitaminETotal": "0.43",
    "vitaminE1": "0.33",
    "vitaminE2": "0.18",
    "vitaminE3": "0.17",
    "Ca": "8",
    "P": "112",
    "K": "112",
    "Na": "1.8",
    "Mg": "31.0",
    "Fe": "1.1",
    "Zn": "1.54",
    "Se": "2.83",
    "Cu": "0.25",
    "Mn": "1.13",
    "remark": "",
    "tags": "1",
    "category": "Staple Food"
  },
  {
    "foodCode": "a11104",
    "foodName": "面包",
    "foodNameEn": "bread",
    "edible": "100",
    "water": "43.9",
    "energyKCal": "223",
    "energyKJ": "934",
    "protein": "7.0",
    "fat": "1.1",
    "CHO": "47.0",
    "dietaryFiber": "1.3",
    "cholesterol": "0",
    "ash": "1.0",
    "vitaminA": "",
    "carotene": "-",
    "retinol": "0",
    "thiamin": "0.04",
    "riboflavin": "0.05",
    "niacin": "-",
    "vitaminC": "0",
    "vitaminETotal": "0.65",
    "vitaminE1": "0.35",
    "vitaminE2": "0.30",
    "vitaminE3": "Tr",
    "Ca": "38",
    "P": "107",
    "K": "138",
    "Na": "165.1",
    "Mg": "30",
    "Fe": "1.8",
    "Zn": "0.71",
    "Se": "8.45",
    "Cu": "0.1",
    "Mn": "0.78",
    "remark": "-",
    "tags": "1",
    "category": "Staple Food"
  },
  {
    "foodCode": "a11105",
    "foodName": "烙饼",
    "foodNameEn": "pancakes",
    "edible": "100",
    "water": "13.1",
    "energyKCal": "327",
    "energyKJ": "1367",
    "protein": "10.2",
    "fat": "1.4 73.3",
    "CHO": "",
    "dietaryFiber": "9.9",
    "cholesterol": "0",
    "ash": "2.0",
    "vitaminA": "0.0",
    "carotene": "0.0",
    "retinol": "0",
    "thiamin": "0.43",
    "riboflavin": "0.14",
    "niacin": "3.9",
    "vitaminC": "0",
    "vitaminETotal": "1.23",
    "vitaminE1": "1.23",
    "vitaminE2": "Tr",
    "vitaminE3": "Tr",
    "Ca": "66",
    "P": "381",
    "K": "49.0",
    "Na": "Tr",
    "Mg": "158",
    "Fe": "6.4 4.36",
    "Zn": "9.80",
    "Se": "0.63",
    "Cu": "1.23",
    "Mn": "",
    "tags": "1",
    "category": "Staple Food"
  },
  {
    "foodCode": "b12101",
    "foodName": "苹果",
    "foodNameEn": "apple",
    "edible": "85",
    "water": "86.1",
    "energyKCal": "53",
    "energyKJ": "227",
    "protein": "0.4",
    "fat": "0.2 13.7",
    "CHO": "",
    "dietaryFiber": "1.7",
    "cholesterol": "0",
    "ash": "0.2",
    "vitaminA": "4",
    "carotene": "50",
    "retinol": "0",
    "thiamin": "",
    "riboflavin": "0.02",
    "niacin": "0.20",
    "vitaminC": "3.0",
    "vitaminETotal": "0.43",
    "vitaminE1": "0.23",
    "vitaminE2": "0.13",
    "vitaminE3": "0.01",
    "Ca": "4",
    "P": "7",
    "K": "83",
    "Na": "1.3",
    "Mg": "4",
    "Fe": "0.3",
    "Zn": "0.04",
    "Se": "0.10",
    "Cu": "0.07 0.03",
    "Mn": "",
    "tags": "1",
    "category": "fruit"
  },
  {
    "foodCode": "b12102",
    "foodName": "梨",
    "foodNameEn": "pear",
    "edible": "82",
    "water": "85.9",
    "energyKCal": "51",
    "energyKJ": "211",
    "protein": "0.3",
    "fat": "0.1",
    "CHO": "13.1",
    "dietaryFiber": "2.6",
    "cholesterol": "0",
    "ash": "0.3",
    "vitaminA": "2",
    "carotene": "20",
    "retinol": "0",
    "thiamin": "0.03",
    "riboflavin": "0.03",
    "niacin": "0.20",
    "vitaminC": "5.0",
    "vitaminETotal": "0.46",
    "vitaminE1": "0.34",
    "vitaminE2": "0.46",
    "vitaminE3": "0.32",
    "Ca": "7",
    "P": "14",
    "K": "85",
    "Na": "1.7 8",
    "Mg": "0.4",
    "Fe": "0.10",
    "Zn": "0.29",
    "Se": "0.10",
    "Cu": "0.06",
    "Mn": "",
    "tags": "1",
    "category": "fruit"
  },
  {
    "foodCode": "b12103",
    "foodName": "橙",
    "foodNameEn": "orange",
    "edible": "74",
    "water": "87.4",
    "energyKCal": "48",
    "energyKJ": "202",
    "protein": "0.8 0.2",
    "fat": "11.1",
    "CHO": "",
    "dietaryFiber": "0.6",
    "cholesterol": "0",
    "ash": "0.5",
    "vitaminA": "13",
    "carotene": "160",
    "retinol": "0",
    "thiamin": "0.05",
    "riboflavin": "0.04",
    "niacin": "0.3",
    "vitaminC": "33.0",
    "vitaminETotal": "0.56",
    "vitaminE1": "0.51",
    "vitaminE2": "0.05",
    "vitaminE3": "Tr",
    "Ca": "20",
    "P": "22",
    "K": "159",
    "Na": "1.2",
    "Mg": "14",
    "Fe": "0.4",
    "Zn": "0.14",
    "Se": "0.31",
    "Cu": "0.03 0.05",
    "Mn": "",
    "tags": "1",
    "category": "fruit"
  },
  {
    "foodCode": "b12104",
    "foodName": "柚[文旦]",
    "foodNameEn": "Grapefruit",
    "edible": "69",
    "water": "89.0",
    "energyKCal": "42",
    "energyKJ": "177",
    "protein": "0.8",
    "fat": "0.2",
    "CHO": "9.5",
    "dietaryFiber": "0.4",
    "cholesterol": "0",
    "ash": "0.5",
    "vitaminA": "1",
    "carotene": "10",
    "retinol": "0",
    "thiamin": "",
    "riboflavin": "0.03",
    "niacin": "0.3",
    "vitaminC": "23.0",
    "vitaminETotal": "-",
    "vitaminE1": "",
    "vitaminE2": "-",
    "vitaminE3": "-",
    "Ca": "4",
    "P": "24",
    "K": "119",
    "Na": "3.0",
    "Mg": "4 0.3",
    "Fe": "0.40",
    "Zn": "0.70",
    "Se": "0.18",
    "Cu": "0.08",
    "Mn": "福建",
    "tags": "1",
    "category": "fruit"
  },
  {
    "foodCode": "b12105",
    "foodName": "柠檬",
    "foodNameEn": "lemon",
    "edible": "66",
    "water": "91.0",
    "energyKCal": "37",
    "energyKJ": "156",
    "protein": "1.1 D",
    "fat": "1.2",
    "CHO": "6.2",
    "dietaryFiber": "1.3",
    "cholesterol": "0",
    "ash": "0.5",
    "vitaminA": "Tr",
    "carotene": "Tr",
    "retinol": "0",
    "thiamin": "0.05",
    "riboflavin": "0.02",
    "niacin": "0.6",
    "vitaminC": "22.0",
    "vitaminETotal": "1.14",
    "vitaminE1": "1.14 Cia",
    "vitaminE2": "Tr",
    "vitaminE3": "Tr",
    "Ca": "101",
    "P": "22 209",
    "K": "",
    "Na": "1.1 37",
    "Mg": "0.8",
    "Fe": "0.65",
    "Zn": "0.50",
    "Se": "0.14",
    "Cu": "0.05",
    "Mn": "北京",
    "tags": "1",
    "category": "fruit"
  },
  {
    "foodCode": "b12106",
    "foodName": "桃",
    "foodNameEn": "Peach",
    "edible": "89",
    "water": "88.9",
    "energyKCal": "42",
    "energyKJ": "212",
    "protein": "0.6",
    "fat": "0.1",
    "CHO": "10.1",
    "dietaryFiber": "1.0",
    "cholesterol": "0",
    "ash": "0.4",
    "vitaminA": "2",
    "carotene": "20",
    "retinol": "0",
    "thiamin": "0.01",
    "riboflavin": "0.02",
    "niacin": "0.3",
    "vitaminC": "10.0",
    "vitaminETotal": "0.71",
    "vitaminE1": "0.25",
    "vitaminE2": "0.47",
    "vitaminE3": "0.18",
    "Ca": "6.0",
    "P": "11",
    "K": "127",
    "Na": "1.7",
    "Mg": "8 0.3",
    "Fe": "0.14",
    "Zn": "0.47",
    "Se": "",
    "Cu": "0.06 0.07",
    "Mn": "",
    "remark": "",
    "tags": "1",
    "category": "fruit"
  },
  {
    "foodCode": "b12107",
    "foodName": "李子",
    "foodNameEn": "Plum",
    "edible": "91",
    "water": "90.0",
    "energyKCal": "38",
    "energyKJ": "157",
    "protein": "0.7 0.2",
    "fat": "8.7",
    "CHO": "0.9",
    "dietaryFiber": "0.0",
    "cholesterol": "0.4",
    "ash": "13",
    "vitaminA": "150",
    "carotene": "0",
    "retinol": "0.03",
    "thiamin": "0.02",
    "niacin": "0.40",
    "vitaminC": "5.0",
    "vitaminETotal": "0.74",
    "vitaminE1": "0.74",
    "vitaminE2": "Tr",
    "vitaminE3": "Tr",
    "Ca": "8",
    "P": "11",
    "K": "144",
    "Na": "3.8 10",
    "Mg": "0.6",
    "Fe": "0.14",
    "Zn": "0.23",
    "Se": "0.04",
    "Cu": "0.16",
    "Mn": "",
    "tags": "1",
    "category": "fruit"
  },
  {
    "foodCode": "b12108",
    "foodName": "梅[青梅]",
    "foodNameEn": "Greengage",
    "edible": "93",
    "water": "91.1",
    "energyKCal": "34",
    "energyKJ": "144",
    "protein": "0.9 0.9",
    "fat": "6.2",
    "CHO": "1.0",
    "dietaryFiber": "0.0",
    "cholesterol": "0.9",
    "ash": "-",
    "vitaminA": "-",
    "carotene": "0",
    "retinol": "-",
    "thiamin": "",
    "niacin": "",
    "vitaminC": "-",
    "vitaminETotal": "-",
    "vitaminE1": "-",
    "vitaminE2": "-",
    "vitaminE3": "-",
    "Ca": "11",
    "P": "36",
    "K": "-",
    "Na": "-",
    "Mg": "-",
    "Fe": "",
    "Zn": "",
    "Se": "-",
    "Cu": "-",
    "Mn": "江苏",
    "tags": "1",
    "category": "fruit"
  },
  {
    "foodCode": "b12109",
    "foodName": "枣(鲜)",
    "foodNameEn": "date",
    "edible": "87",
    "water": "67.4",
    "energyKCal": "125",
    "energyKJ": "524",
    "protein": "1.1 0.3",
    "fat": "30.5",
    "CHO": "1.9",
    "dietaryFiber": "0.0",
    "cholesterol": "0.7",
    "ash": "20",
    "vitaminA": "240",
    "carotene": "0",
    "retinol": "0.06",
    "thiamin": "0.09",
    "niacin": "0.90",
    "vitaminC": "243.0",
    "vitaminETotal": "0.78",
    "vitaminE1": "0.42",
    "vitaminE2": "0.26",
    "vitaminE3": "0.10",
    "Ca": "22",
    "P": "23",
    "K": "375",
    "Na": "1.2 25",
    "Mg": "1.2",
    "Fe": "1.52",
    "Zn": "0.80",
    "Se": "0.06",
    "Cu": "0.32",
    "Mn": "",
    "tags": "1",
    "category": "fruit"
  },
  {
    "foodCode": "b12110",
    "foodName": "葡萄",
    "foodNameEn": "Grape",
    "edible": "86",
    "water": "88.5",
    "energyKCal": "45",
    "energyKJ": "185",
    "protein": "0.4",
    "fat": "0.3",
    "CHO": "10.3",
    "dietaryFiber": "1.0",
    "cholesterol": "0",
    "ash": "0.3",
    "vitaminA": "3",
    "carotene": "40",
    "retinol": "0",
    "thiamin": "0.03",
    "riboflavin": "0.02",
    "niacin": "0.25",
    "vitaminC": "4.0",
    "vitaminETotal": "0.86",
    "vitaminE1": "0.34",
    "vitaminE2": "0.56",
    "vitaminE3": "0.19",
    "Ca": "9",
    "P": "13",
    "K": "127",
    "Na": "1.9",
    "Mg": "7",
    "Fe": "0.4 0.16",
    "Zn": "0.11",
    "Se": "0.18",
    "Cu": "0.04",
    "Mn": "",
    "tags": "1",
    "category": "fruit"
  },
  {
    "foodCode": "b12111",
    "foodName": "石榴",
    "foodNameEn": "Pomegranate",
    "edible": "57",
    "water": "79.2",
    "energyKCal": "72",
    "energyKJ": "304",
    "protein": "1.3",
    "fat": "0.2",
    "CHO": "18.5",
    "dietaryFiber": "4.9",
    "cholesterol": "0",
    "ash": "0.6",
    "vitaminA": "",
    "carotene": "-",
    "retinol": "0",
    "thiamin": "0.05",
    "riboflavin": "0.03",
    "niacin": "",
    "vitaminC": "8.0",
    "vitaminETotal": "3.72",
    "vitaminE1": "2.09",
    "vitaminE2": "1.25",
    "vitaminE3": "1.53",
    "Ca": "6",
    "P": "70",
    "K": "231",
    "Na": "0.7 16",
    "Mg": "0.2",
    "Fe": "0.19",
    "Zn": "-",
    "Se": "0.15",
    "Cu": "0.17",
    "Mn": "",
    "tags": "1",
    "category": "fruit"
  },
  {
    "foodCode": "b12112",
    "foodName": "草莓",
    "foodNameEn": "strawberry",
    "edible": "97",
    "water": "91.3",
    "energyKCal": "32",
    "energyKJ": "134",
    "protein": "1.0",
    "fat": "0.2",
    "CHO": "7.1",
    "dietaryFiber": "1.1",
    "cholesterol": "0",
    "ash": "0.4",
    "vitaminA": "3",
    "carotene": "30",
    "retinol": "0",
    "thiamin": "0.02",
    "riboflavin": "0.03",
    "niacin": "0.3",
    "vitaminC": "47.0",
    "vitaminETotal": "0.71",
    "vitaminE1": "0.54",
    "vitaminE2": "0.17",
    "vitaminE3": "Tr",
    "Ca": "18",
    "P": "27",
    "K": "131",
    "Na": "4.2",
    "Mg": "12",
    "Fe": "1.8",
    "Zn": "0.14",
    "Se": "0.70",
    "Cu": "0.04",
    "Mn": "0.49",
    "remark": "",
    "tags": "1",
    "category": "fruit"
  },
  {
    "foodCode": "b12113",
    "foodName": "菠萝[凤梨，地菠萝］",
    "foodNameEn": "Pineapple",
    "edible": "68",
    "water": "88.4",
    "energyKCal": "44",
    "energyKJ": "182",
    "protein": "0.5",
    "fat": "0.1",
    "CHO": "10.8",
    "dietaryFiber": "1.3",
    "cholesterol": "0",
    "ash": "0.2",
    "vitaminA": "2",
    "carotene": "20",
    "retinol": "0",
    "thiamin": "0.04",
    "riboflavin": "0.02",
    "niacin": "0.2",
    "vitaminC": "18.0",
    "vitaminETotal": "-",
    "vitaminE1": "",
    "vitaminE2": "",
    "vitaminE3": "-",
    "Ca": "12",
    "P": "9",
    "K": "113",
    "Na": "0.8 8",
    "Mg": "0.6",
    "Fe": "0.14",
    "Zn": "0.24",
    "Se": "0.07",
    "Cu": "1.04",
    "Mn": "",
    "tags": "1",
    "category": "fruit"
  },
  {
    "foodCode": "b12114",
    "foodName": "荔枝",
    "foodNameEn": "Lychee",
    "edible": "73",
    "water": "81.9",
    "energyKCal": "71",
    "energyKJ": "296",
    "protein": "0.9",
    "fat": "0.2",
    "CHO": "16.6",
    "dietaryFiber": "0.5",
    "cholesterol": "0",
    "ash": "0.4",
    "vitaminA": "1",
    "carotene": "10",
    "retinol": "0",
    "thiamin": "0.10",
    "riboflavin": "0.04",
    "niacin": "1.1",
    "vitaminC": "41.0",
    "vitaminETotal": "-",
    "vitaminE1": "",
    "vitaminE2": "-",
    "vitaminE3": "-",
    "Ca": "2",
    "P": "24",
    "K": "151",
    "Na": "1.7 12",
    "Mg": "0.4",
    "Fe": "0.17",
    "Zn": "0.14",
    "Se": "0.16",
    "Cu": "0.09",
    "Mn": "",
    "tags": "1",
    "category": "fruit"
  },
  {
    "foodCode": "b12115",
    "foodName": "芒果",
    "foodNameEn": "mango",
    "edible": "60",
    "water": "90.6",
    "energyKCal": "35",
    "energyKJ": "146",
    "protein": "0.6",
    "fat": "0.2",
    "CHO": "8.3",
    "dietaryFiber": "1.3",
    "cholesterol": "0",
    "ash": "0.3",
    "vitaminA": "75",
    "carotene": "897",
    "retinol": "0",
    "thiamin": "0.01",
    "riboflavin": "0.04",
    "niacin": "0.3",
    "vitaminC": "23.0",
    "vitaminETotal": "1.21",
    "vitaminE1": "1.12",
    "vitaminE2": "0.09",
    "vitaminE3": "Tr",
    "Ca": "-",
    "P": "11",
    "K": "138",
    "Na": "2.8 14",
    "Mg": "0.2",
    "Fe": "0.09",
    "Zn": "1.44",
    "Se": "0.06",
    "Cu": "0.20",
    "Mn": "广东",
    "tags": "1",
    "category": "fruit"
  },
  {
    "foodCode": "b12116",
    "foodName": "椰子",
    "foodNameEn": "coconut",
    "edible": "33",
    "water": "51.8",
    "energyKCal": "241",
    "energyKJ": "1007",
    "protein": "4.0",
    "fat": "12.1",
    "CHO": "31.3",
    "dietaryFiber": "4.7",
    "cholesterol": "0",
    "ash": "0.8",
    "vitaminA": "-",
    "carotene": "-",
    "retinol": "0",
    "thiamin": "0.01",
    "riboflavin": "0.01",
    "niacin": "0.5",
    "vitaminC": "6.0",
    "vitaminETotal": "",
    "vitaminE1": "-",
    "vitaminE2": "-",
    "vitaminE3": "-",
    "Ca": "2",
    "P": "90",
    "K": "475",
    "Na": "55.6 65",
    "Mg": "1.8",
    "Fe": "0.92",
    "Zn": "-",
    "Se": "0.19",
    "Cu": "0.06",
    "Mn": "广东",
    "tags": "1",
    "category": "fruit"
  },
  {
    "foodCode": "b12117",
    "foodName": "榴莲",
    "foodNameEn": "durian",
    "edible": "37",
    "water": "64.5",
    "energyKCal": "150",
    "energyKJ": "632",
    "protein": "2.6",
    "fat": "3.3",
    "CHO": "28.3",
    "dietaryFiber": "1.7",
    "cholesterol": "0",
    "ash": "1.3",
    "vitaminA": "2",
    "carotene": "20",
    "retinol": "0",
    "thiamin": "0.2",
    "riboflavin": "0.13",
    "niacin": "1.19",
    "vitaminC": "2.8",
    "vitaminETotal": "2.28",
    "vitaminE1": "2.28",
    "vitaminE2": "Tr",
    "vitaminE3": "Tr",
    "Ca": "4",
    "P": "38",
    "K": "261",
    "Na": "2.9 27",
    "Mg": "0.3",
    "Fe": "0.16",
    "Zn": "3.26",
    "Se": "0.12",
    "Cu": "0.22",
    "Mn": "泰国",
    "tags": "1",
    "category": "fruit"
  },
  {
    "foodCode": "b12118",
    "foodName": "香蕉",
    "foodNameEn": "banana",
    "edible": "70",
    "water": "77.1",
    "energyKCal": "86",
    "energyKJ": "364",
    "protein": "1.1",
    "fat": "0.2",
    "CHO": "20.8",
    "dietaryFiber": "",
    "cholesterol": "0",
    "ash": "0.8",
    "vitaminA": "3",
    "carotene": "36",
    "retinol": "0",
    "thiamin": "0.02",
    "riboflavin": "0.02",
    "niacin": "0.51",
    "vitaminC": "4.9",
    "vitaminETotal": "0.20",
    "vitaminE1": "0.20",
    "vitaminE2": "Tr",
    "vitaminE3": "Tr",
    "Ca": "9",
    "P": "17 208",
    "K": "",
    "Na": "3.2 33",
    "Mg": "0.2",
    "Fe": "0.04",
    "Zn": "0.07",
    "Se": "0.1",
    "Cu": "0.07",
    "Mn": "海南",
    "tags": "1",
    "category": "fruit"
  },
  {
    "foodCode": "b12119",
    "foodName": "西瓜",
    "foodNameEn": "watermelon",
    "edible": "59",
    "water": "92.3",
    "energyKCal": "31",
    "energyKJ": "108",
    "protein": "0.5",
    "fat": "0.3",
    "CHO": "6.8",
    "dietaryFiber": "0.2",
    "cholesterol": "0",
    "ash": "0.2",
    "vitaminA": "14",
    "carotene": "173",
    "retinol": "0",
    "thiamin": "0.02",
    "riboflavin": "0.04",
    "niacin": "0.3",
    "vitaminC": "5.7",
    "vitaminETotal": "0.11",
    "vitaminE1": "0.11",
    "vitaminE2": "0.01",
    "vitaminE3": "0.03",
    "Ca": "7",
    "P": "12.0",
    "K": "97",
    "Na": "3.3",
    "Mg": "14",
    "Fe": "0.4",
    "Zn": "0.09",
    "Se": "0.09",
    "Cu": "0.03",
    "Mn": "0.03",
    "remark": "甘肃",
    "tags": "1",
    "category": "fruit"
  },
  {
    "foodCode": "c13101",
    "foodName": "牛肉",
    "foodNameEn": "beef",
    "edible": "100",
    "water": "69.8",
    "energyKCal": "160",
    "energyKJ": "669",
    "protein": "20.0 8.7",
    "fat": "0.5",
    "CHO": "",
    "dietaryFiber": "0.0",
    "cholesterol": "58",
    "ash": "1.1",
    "vitaminA": "3",
    "carotene": "0",
    "retinol": "3",
    "thiamin": "0.04",
    "riboflavin": "0.11",
    "niacin": "4.15",
    "vitaminC": "Tr",
    "vitaminETotal": "0.68",
    "vitaminE1": "0.48",
    "vitaminE2": "0.10",
    "vitaminE3": "0.10",
    "Ca": "5.0",
    "P": "182.0",
    "K": "212.0",
    "Na": "64.1",
    "Mg": "22.0",
    "Fe": "1.8",
    "Zn": "4.7",
    "Se": "3.15",
    "Cu": "0.05",
    "Mn": "0.03",
    "remark": "",
    "tags": "1",
    "category": "meat"
  },
  {
    "foodCode": "c13102",
    "foodName": "牛肚",
    "foodNameEn": "Tripe",
    "edible": "100",
    "water": "83.4",
    "energyKCal": "72",
    "energyKJ": "306",
    "protein": "14.5",
    "fat": "1.6",
    "CHO": "0.0",
    "dietaryFiber": "0.0",
    "cholesterol": "104",
    "ash": "0.6",
    "vitaminA": "2",
    "carotene": "0.0",
    "retinol": "2",
    "thiamin": "0.03",
    "riboflavin": "0.13",
    "niacin": "2.50",
    "vitaminC": "-",
    "vitaminETotal": "0.51",
    "vitaminE1": "0.51",
    "vitaminE2": "Tr",
    "vitaminE3": "Tr",
    "Ca": "40",
    "P": "104",
    "K": "162",
    "Na": "60.6",
    "Mg": "17",
    "Fe": "1.8",
    "Zn": "2.31",
    "Se": "9.07",
    "Cu": "0.07",
    "Mn": "0.21",
    "remark": "",
    "tags": "1",
    "category": "meat"
  },
  {
    "foodCode": "c13103",
    "foodName": "猪肉",
    "foodNameEn": "pork",
    "edible": "91",
    "water": "54.9",
    "energyKCal": "331",
    "energyKJ": "1370",
    "protein": "15.1",
    "fat": "30.1",
    "CHO": "0.0",
    "dietaryFiber": "0.0",
    "cholesterol": "86",
    "ash": "0.8",
    "vitaminA": "15",
    "carotene": "0",
    "retinol": "15",
    "thiamin": "0.3",
    "riboflavin": "0.13",
    "niacin": "4.1",
    "vitaminC": "Tr",
    "vitaminETotal": "0.67",
    "vitaminE1": "0.41",
    "vitaminE2": "0.16",
    "vitaminE3": "0.10",
    "Ca": "6",
    "P": "121",
    "K": "218",
    "Na": "56.8",
    "Mg": "16",
    "Fe": "1.3",
    "Zn": "1.78",
    "Se": "7.9",
    "Cu": "0.12",
    "Mn": "0.03",
    "remark": "",
    "tags": "1",
    "category": "meat"
  },
  {
    "foodCode": "c13104",
    "foodName": "猪肥肉（肥，fat 89g)",
    "foodNameEn": "Pork fat",
    "edible": "100",
    "water": "8.8",
    "energyKCal": "807",
    "energyKJ": "3319",
    "protein": "2.4",
    "fat": "88.6",
    "CHO": "0.0",
    "dietaryFiber": "0.0",
    "cholesterol": "109",
    "ash": "0.2",
    "vitaminA": "29",
    "carotene": "0",
    "retinol": "29",
    "thiamin": "0.08",
    "riboflavin": "0.05",
    "niacin": "0.9",
    "vitaminC": "Tr",
    "vitaminETotal": "0.24",
    "vitaminE1": "-",
    "vitaminE2": "0.12",
    "vitaminE3": "0.12",
    "Ca": "3",
    "P": "18",
    "K": "23",
    "Na": "19.5",
    "Mg": "2",
    "Fe": "1.0",
    "Zn": "0.69",
    "Se": "7.78",
    "Cu": "0.05",
    "Mn": "0.03",
    "remark": "",
    "tags": "1",
    "category": "meat"
  },
  {
    "foodCode": "c13105",
    "foodName": "猪大排",
    "foodNameEn": "Pork Chops",
    "edible": "68",
    "water": "58.8",
    "energyKCal": "264",
    "energyKJ": "1095",
    "protein": "18.3",
    "fat": "20.4",
    "CHO": "1.7",
    "dietaryFiber": "0.0",
    "cholesterol": "165",
    "ash": "0.8",
    "vitaminA": "12",
    "carotene": "0",
    "retinol": "12",
    "thiamin": "0.8",
    "riboflavin": "0.15",
    "niacin": "5.3",
    "vitaminC": "Tr",
    "vitaminETotal": "0.11",
    "vitaminE1": "0.11",
    "vitaminE2": "Tr",
    "vitaminE3": "Tr",
    "Ca": "8",
    "P": "125",
    "K": "274",
    "Na": "44.5",
    "Mg": "17",
    "Fe": "0.8",
    "Zn": "1.72",
    "Se": "10.3",
    "Cu": "0.12",
    "Mn": "0.05",
    "remark": "",
    "tags": "1",
    "category": "meat"
  },
  {
    "foodCode": "c13106",
    "foodName": "猪蹄",
    "foodNameEn": "Pig's trotters",
    "edible": "60",
    "water": "58.2",
    "energyKCal": "260",
    "energyKJ": "1080",
    "protein": "22.6",
    "fat": "18.8",
    "CHO": "0.0",
    "dietaryFiber": "0.0",
    "cholesterol": "192",
    "ash": "0.4",
    "vitaminA": "3",
    "carotene": "0",
    "retinol": "3",
    "thiamin": "0.05",
    "riboflavin": "0.1",
    "niacin": "1.5",
    "vitaminC": "Tr",
    "vitaminETotal": "0.01",
    "vitaminE1": "0.01",
    "vitaminE2": "Tr",
    "vitaminE3": "Tr",
    "Ca": "33",
    "P": "33",
    "K": "54",
    "Na": "101.0",
    "Mg": "5",
    "Fe": "1.1",
    "Zn": "1.14",
    "Se": "5.85",
    "Cu": "0.09",
    "Mn": "0.01",
    "remark": "",
    "tags": "1",
    "category": "meat"
  },
  {
    "foodCode": "c13108",
    "foodName": "猪心",
    "foodNameEn": "pig heart",
    "edible": "97.0",
    "water": "76.0",
    "energyKCal": "119",
    "energyKJ": "497",
    "protein": "16.6",
    "fat": "5.3",
    "CHO": "1.1",
    "dietaryFiber": "0.0",
    "cholesterol": "151",
    "ash": "1.0",
    "vitaminA": "13",
    "carotene": "0",
    "retinol": "13",
    "thiamin": "0.19",
    "riboflavin": "0.48",
    "niacin": "6.8",
    "vitaminC": "4.0",
    "vitaminETotal": "0.74",
    "vitaminE1": "0.73",
    "vitaminE2": "0.01",
    "vitaminE3": "Tr",
    "Ca": "12",
    "P": "189",
    "K": "260 71.2",
    "Na": "17",
    "Mg": "4.3",
    "Fe": "1.9",
    "Zn": "14.94",
    "Se": "0.37",
    "Cu": "0.05",
    "Mn": "",
    "tags": "1",
    "category": "meat"
  },
  {
    "foodCode": "c13109",
    "foodName": "猪血",
    "foodNameEn": "pig blood",
    "edible": "100.0",
    "water": "85.8",
    "energyKCal": "55",
    "energyKJ": "234",
    "protein": "12.2",
    "fat": "0.3",
    "CHO": "0.9",
    "dietaryFiber": "0.0",
    "cholesterol": "51",
    "ash": "0.8",
    "vitaminA": "-",
    "carotene": "0",
    "retinol": "-",
    "thiamin": "0.03",
    "riboflavin": "0.04",
    "niacin": "0.3",
    "vitaminC": "-",
    "vitaminETotal": "0.20",
    "vitaminE1": "0.10",
    "vitaminE2": "0.10",
    "vitaminE3": "Tr",
    "Ca": "4",
    "P": "16",
    "K": "56 56.0",
    "Na": "5",
    "Mg": "8.7",
    "Fe": "0.28",
    "Zn": "7.94",
    "Se": "0.10",
    "Cu": "0.03",
    "Mn": "",
    "tags": "1",
    "category": "meat"
  },
  {
    "foodCode": "c13110",
    "foodName": "猪肚",
    "foodNameEn": "Pork belly",
    "edible": "100.0",
    "water": "79.3",
    "energyKCal": "97",
    "energyKJ": "407",
    "protein": "14.1",
    "fat": "3.5",
    "CHO": "2.2",
    "dietaryFiber": "0.0",
    "cholesterol": "290",
    "ash": "0.9",
    "vitaminA": "2",
    "carotene": "0",
    "retinol": "2",
    "thiamin": "0.1",
    "riboflavin": "0.22",
    "niacin": "2.85",
    "vitaminC": "-",
    "vitaminETotal": "0.28",
    "vitaminE1": "0.28",
    "vitaminE2": "Tr",
    "vitaminE3": "Tr",
    "Ca": "11",
    "P": "152",
    "K": "171 75.1",
    "Na": "12",
    "Mg": "2.4",
    "Fe": "1.93",
    "Zn": "11.68",
    "Se": "0.01",
    "Cu": "Tr",
    "Mn": "河北",
    "tags": "1",
    "category": "meat"
  },
  {
    "foodCode": "c13111",
    "foodName": "猪肝",
    "foodNameEn": "Pork liver",
    "edible": "100.0",
    "water": "72.6",
    "energyKCal": "126",
    "energyKJ": "531",
    "protein": "19.2",
    "fat": "4.7",
    "CHO": "1.8",
    "dietaryFiber": "0.0",
    "cholesterol": "180",
    "ash": "1.7",
    "vitaminA": "6502",
    "carotene": "0",
    "retinol": "6502",
    "thiamin": "0.22",
    "riboflavin": "2.02",
    "niacin": "10.11",
    "vitaminC": "20.0",
    "vitaminETotal": "Tr",
    "vitaminE1": "Tr",
    "vitaminE2": "Tr",
    "vitaminE3": "Tr",
    "Ca": "6",
    "P": "243 235",
    "K": "68.6",
    "Na": "24",
    "Mg": "23.2",
    "Fe": "3.68",
    "Zn": "26.12",
    "Se": "0.02",
    "Cu": "0.01",
    "Mn": "河北",
    "tags": "1",
    "category": "meat"
  },
  {
    "foodCode": "c13112",
    "foodName": "猪舌[口条]",
    "foodNameEn": "Pork tongue",
    "edible": "100.0",
    "water": "70.2",
    "energyKCal": "184",
    "energyKJ": "767",
    "protein": "18.1",
    "fat": "12.4",
    "CHO": "0.0",
    "dietaryFiber": "0.0",
    "cholesterol": "230",
    "ash": "0.9",
    "vitaminA": "Tr",
    "carotene": "0",
    "retinol": "Tr",
    "thiamin": "0.27",
    "riboflavin": "0.41",
    "niacin": "4.25",
    "vitaminC": "Tr",
    "vitaminETotal": "Tr",
    "vitaminE1": "Tr",
    "vitaminE2": "Tr",
    "vitaminE3": "Tr",
    "Ca": "13",
    "P": "213 216",
    "K": "79.4",
    "Na": "14",
    "Mg": "0.1",
    "Fe": "2.89",
    "Zn": "13.94",
    "Se": "0.01",
    "Cu": "Tr",
    "Mn": "河北",
    "tags": "1",
    "category": "meat"
  },
  {
    "foodCode": "c13113",
    "foodName": "腊肉(生，fat49g)",
    "foodNameEn": "Bacon",
    "edible": "100",
    "water": "31.1",
    "energyKCal": "498",
    "energyKJ": "2056",
    "protein": "11.8",
    "fat": "48.8",
    "CHO": "2.9",
    "dietaryFiber": "0.0",
    "cholesterol": "123",
    "ash": "5.4",
    "vitaminA": "96",
    "carotene": "0",
    "retinol": "96",
    "thiamin": "",
    "riboflavin": "",
    "niacin": "-",
    "vitaminC": "Tr",
    "vitaminETotal": "6.23",
    "vitaminE1": "-",
    "vitaminE2": "-",
    "vitaminE3": "-",
    "Ca": "22",
    "P": "249",
    "K": "416",
    "Na": "763.9",
    "Mg": "35",
    "Fe": "7.5",
    "Zn": "3.49",
    "Se": "23.52",
    "Cu": "0.08",
    "Mn": "0.05",
    "remark": "甘肃",
    "tags": "1",
    "category": "meat"
  },
  {
    "foodCode": "c13114",
    "foodName": "腊肠",
    "foodNameEn": "sausage",
    "edible": "100",
    "water": "8.4",
    "energyKCal": "584",
    "energyKJ": "2421",
    "protein": "22.0",
    "fat": "48.3",
    "CHO": "15.3",
    "dietaryFiber": "0.0",
    "cholesterol": "88",
    "ash": "6.0",
    "vitaminA": "Tr",
    "carotene": "",
    "retinol": "Tr",
    "thiamin": "0.04",
    "riboflavin": "0.12",
    "niacin": "3.80",
    "vitaminC": "-",
    "vitaminETotal": "-",
    "vitaminE1": "-",
    "vitaminE2": "-",
    "vitaminE3": "",
    "Ca": "24",
    "P": "69",
    "K": "100",
    "Na": "1420.0",
    "Mg": "13",
    "Fe": "3.2",
    "Zn": "2.48",
    "Se": "8.77",
    "Cu": "0.07",
    "Mn": "0.16",
    "remark": "广东",
    "tags": "1",
    "category": "meat"
  },
  {
    "foodCode": "c13115",
    "foodName": "火腿肠",
    "foodNameEn": "Ham sausage",
    "edible": "100",
    "water": "70.9",
    "energyKCal": "139",
    "energyKJ": "581",
    "protein": "18.4",
    "fat": "6.5",
    "CHO": "1.6",
    "dietaryFiber": "0.0",
    "cholesterol": "54",
    "ash": "2.6",
    "vitaminA": "1",
    "carotene": "",
    "retinol": "1",
    "thiamin": "0.61",
    "riboflavin": "0.13",
    "niacin": "20.4",
    "vitaminC": "-",
    "vitaminETotal": "0.19",
    "vitaminE1": "0.16",
    "vitaminE2": "0.03",
    "vitaminE3": "Tr",
    "Ca": "3",
    "P": "199",
    "K": "247",
    "Na": "373.4",
    "Mg": "2",
    "Fe": "1.4",
    "Zn": "2.01",
    "Se": "8.4",
    "Cu": "0.16",
    "Mn": "0.07",
    "remark": "上海",
    "tags": "1",
    "category": "meat"
  },
  {
    "foodCode": "c13116",
    "foodName": "热狗肠",
    "foodNameEn": "hot dog",
    "edible": "100",
    "water": "51.3",
    "energyKCal": "307",
    "energyKJ": "1274",
    "protein": "13.2",
    "fat": "25.2",
    "CHO": "6.9",
    "dietaryFiber": "0.0",
    "cholesterol": "47",
    "ash": "3.5",
    "vitaminA": "Tr",
    "carotene": "-",
    "retinol": "Tr",
    "thiamin": "0.11",
    "riboflavin": "0.09",
    "niacin": "2.36",
    "vitaminC": "",
    "vitaminETotal": "0.74",
    "vitaminE1": "0.35",
    "vitaminE2": "0.39",
    "vitaminE3": "Tr",
    "Ca": "10",
    "P": "211",
    "K": "613",
    "Na": "861.9",
    "Mg": "12",
    "Fe": "3.2",
    "Zn": "1.36",
    "Se": "7.06",
    "Cu": "0.11",
    "Mn": "0.10",
    "remark": "河南",
    "tags": "1",
    "category": "meat"
  },
  {
    "foodCode": "c13117",
    "foodName": "羊肉",
    "foodNameEn": "mutton",
    "edible": "100",
    "water": "72.5",
    "energyKCal": "139",
    "energyKJ": "581",
    "protein": "18.5",
    "fat": "6.5",
    "CHO": "1.6",
    "dietaryFiber": "0.0",
    "cholesterol": "82",
    "ash": "1.0",
    "vitaminA": "8",
    "carotene": "0",
    "retinol": "8",
    "thiamin": "0.07",
    "riboflavin": "0.16",
    "niacin": "4.41",
    "vitaminC": "Tr",
    "vitaminETotal": "0.48",
    "vitaminE1": "0.48",
    "vitaminE2": "Tr",
    "vitaminE3": "Tr",
    "Ca": "16",
    "P": "161",
    "K": "300",
    "Na": "89.9",
    "Mg": "23",
    "Fe": "3.9",
    "Zn": "3.52",
    "Se": "5.95",
    "Cu": "0.13",
    "Mn": "0.06",
    "remark": "",
    "tags": "1",
    "category": "meat"
  },
  {
    "foodCode": "c13118",
    "foodName": "火鸡肉",
    "foodNameEn": "turkey meat",
    "edible": "100",
    "water": "73.6",
    "energyKCal": "103",
    "energyKJ": "436",
    "protein": "22.4",
    "fat": "0.2",
    "CHO": "2.8",
    "dietaryFiber": "0.0",
    "cholesterol": "49",
    "ash": "1.0",
    "vitaminA": "Tr",
    "carotene": "0",
    "retinol": "Tr",
    "thiamin": "0.04",
    "riboflavin": "0.03",
    "niacin": "16.2",
    "vitaminC": "Tr",
    "vitaminETotal": "0.35",
    "vitaminE1": "0.14",
    "vitaminE2": "0.21",
    "vitaminE3": "Tr",
    "Ca": "39",
    "P": "116",
    "K": "227",
    "Na": "93.7",
    "Mg": "31",
    "Fe": "1.1",
    "Zn": "0.52",
    "Se": "9.9",
    "Cu": "0.03",
    "Mn": "",
    "remark": "山东",
    "tags": "1",
    "category": "meat"
  },
  {
    "foodCode": "c13119",
    "foodName": "鸡",
    "foodNameEn": "chicken",
    "edible": "63",
    "water": "70.5",
    "energyKCal": "145",
    "energyKJ": "608",
    "protein": "20.3",
    "fat": "6.7",
    "CHO": "0.9",
    "dietaryFiber": "0.0",
    "cholesterol": "106",
    "ash": "1.1",
    "vitaminA": "92",
    "carotene": "0",
    "retinol": "92",
    "thiamin": "0.06",
    "riboflavin": "0.07",
    "niacin": "7.54",
    "vitaminC": "Tr",
    "vitaminETotal": "1.34",
    "vitaminE1": "1.34",
    "vitaminE2": "0.37",
    "vitaminE3": "0.10",
    "Ca": "13",
    "P": "166",
    "K": "249",
    "Na": "62.8",
    "Mg": "22",
    "Fe": "1.8",
    "Zn": "1.46 11.92",
    "Se": "",
    "Cu": "0.09 0.05",
    "Mn": "",
    "remark": "",
    "tags": "1",
    "category": "meat"
  },
  {
    "foodCode": "c13120",
    "foodName": "鸡腿",
    "foodNameEn": "Chicken leg",
    "edible": "74",
    "water": "71.7",
    "energyKCal": "146",
    "energyKJ": "610",
    "protein": "20.2",
    "fat": "7.2",
    "CHO": "0.0",
    "dietaryFiber": "0.0",
    "cholesterol": "99",
    "ash": "0.9",
    "vitaminA": "22",
    "carotene": "0",
    "retinol": "22",
    "thiamin": "0.06",
    "riboflavin": "0.1",
    "niacin": "3.25",
    "vitaminC": "Tr",
    "vitaminETotal": "Tr",
    "vitaminE1": "Tr",
    "vitaminE2": "Tr",
    "vitaminE3": "Tr",
    "Ca": "0",
    "P": "271",
    "K": "221",
    "Na": "73.6",
    "Mg": "21",
    "Fe": "1.8",
    "Zn": "1.11",
    "Se": "9.7",
    "Cu": "0.01",
    "Mn": "0.01",
    "remark": "",
    "tags": "1",
    "category": "meat"
  },
  {
    "foodCode": "c13121",
    "foodName": "鸡翅",
    "foodNameEn": "chicken wings",
    "edible": "69",
    "water": "63.3",
    "energyKCal": "202",
    "energyKJ": "842",
    "protein": "19.0",
    "fat": "11.5",
    "CHO": "5.5",
    "dietaryFiber": "0.0",
    "cholesterol": "81",
    "ash": "0.7",
    "vitaminA": "28",
    "carotene": "0",
    "retinol": "28",
    "thiamin": "Tr",
    "riboflavin": "0.05",
    "niacin": "4.36",
    "vitaminC": "Tr",
    "vitaminETotal": "0.44",
    "vitaminE1": "0.27",
    "vitaminE2": "0.17",
    "vitaminE3": "Tr",
    "Ca": "8",
    "P": "94",
    "K": "205",
    "Na": "50.8",
    "Mg": "17",
    "Fe": "0.9",
    "Zn": "0.42",
    "Se": "8.72",
    "Cu": "Tr",
    "Mn": "0.01",
    "remark": "",
    "tags": "1",
    "category": "meat"
  },
  {
    "foodCode": "c13122",
    "foodName": "鸡块 (带浆粉)",
    "foodNameEn": "chicken nuggets",
    "edible": "100",
    "water": "58.2",
    "energyKCal": "206",
    "energyKJ": "864",
    "protein": "12.2",
    "fat": "9.1",
    "CHO": "18.8",
    "dietaryFiber": "0.0",
    "cholesterol": "22",
    "ash": "1.7",
    "vitaminA": "Tr",
    "carotene": "0",
    "retinol": "Tr",
    "thiamin": "0.05",
    "riboflavin": "0.05",
    "niacin": "4.69",
    "vitaminC": "Tr",
    "vitaminETotal": "0.40",
    "vitaminE1": "0.19",
    "vitaminE2": "0.21",
    "vitaminE3": "Tr",
    "Ca": "6",
    "P": "202",
    "K": "230",
    "Na": "329.8",
    "Mg": "13",
    "Fe": "0.5",
    "Zn": "0.54",
    "Se": "6.38",
    "Cu": "0.05",
    "Mn": "0.03",
    "remark": "河北",
    "tags": "1",
    "category": "meat"
  },
  {
    "foodCode": "c13123",
    "foodName": "炸鸡",
    "foodNameEn": "Fried chicken",
    "edible": "70",
    "water": "49.4",
    "energyKCal": "279",
    "energyKJ": "1164",
    "protein": "20.3",
    "fat": "17.3",
    "CHO": "10.5",
    "dietaryFiber": "0.0",
    "cholesterol": "198",
    "ash": "2.5",
    "vitaminA": "23",
    "carotene": "",
    "retinol": "23",
    "thiamin": "0.03",
    "riboflavin": "0.17",
    "niacin": "16.70",
    "vitaminC": "",
    "vitaminETotal": "6.44",
    "vitaminE1": "0.80",
    "vitaminE2": "3.68",
    "vitaminE3": "1.96",
    "Ca": "109",
    "P": "530",
    "K": "232",
    "Na": "755.0",
    "Mg": "28",
    "Fe": "2.2",
    "Zn": "1.66",
    "Se": "11.2",
    "Cu": "0.11",
    "Mn": "0.12",
    "remark": "北京",
    "tags": "1",
    "category": "meat"
  },
  {
    "foodCode": "c13124",
    "foodName": "烤鸡",
    "foodNameEn": "roast chicken",
    "edible": "72",
    "water": "55.4",
    "energyKCal": "265",
    "energyKJ": "1103",
    "protein": "28.1",
    "fat": "16.9 0.0",
    "CHO": "",
    "dietaryFiber": "0.0",
    "cholesterol": "26",
    "ash": "4.6",
    "vitaminA": "165",
    "carotene": "165",
    "retinol": "0.03",
    "thiamin": "0.16",
    "niacin": "",
    "vitaminC": "-",
    "vitaminETotal": "0.35",
    "vitaminE1": "0.23 0.12",
    "vitaminE2": "Tr",
    "vitaminE3": "36",
    "Ca": "135",
    "P": "207",
    "K": "560.0",
    "Na": "11",
    "Mg": "2.0",
    "Fe": "1.58",
    "Zn": "19.28",
    "Se": "0.05",
    "Cu": "0.11",
    "Mn": "北京",
    "tags": "1",
    "category": "meat"
  },
  {
    "foodCode": "c13125",
    "foodName": "鸭",
    "foodNameEn": "Duck",
    "edible": "68",
    "water": "63.9",
    "energyKCal": "240",
    "energyKJ": "996",
    "protein": "15.5",
    "fat": "19.7",
    "CHO": "0.2",
    "dietaryFiber": "0.0",
    "cholesterol": "94",
    "ash": "0.7",
    "vitaminA": "52",
    "carotene": "0",
    "retinol": "52",
    "thiamin": "0.08",
    "riboflavin": "0.22",
    "niacin": "4.20",
    "vitaminC": "Tr",
    "vitaminETotal": "0.27",
    "vitaminE1": "0.17",
    "vitaminE2": "0.10",
    "vitaminE3": "Tr",
    "Ca": "6",
    "P": "122",
    "K": "191",
    "Na": "69.0",
    "Mg": "14",
    "Fe": "2.2",
    "Zn": "1.33",
    "Se": "12.25",
    "Cu": "0.21",
    "Mn": "0.06",
    "remark": "",
    "tags": "1",
    "category": "meat"
  },
  {
    "foodCode": "c13126",
    "foodName": "鸡蛋",
    "foodNameEn": "Egg",
    "edible": "87",
    "water": "75.2",
    "energyKCal": "139",
    "energyKJ": "581",
    "protein": "13.1",
    "fat": "8.6",
    "CHO": "2.4",
    "dietaryFiber": "0.0",
    "cholesterol": "648",
    "ash": "0.9",
    "vitaminA": "255",
    "carotene": "216",
    "retinol": "0.09",
    "thiamin": "",
    "riboflavin": "0.2",
    "niacin": "0.2",
    "vitaminC": "Tr",
    "vitaminETotal": "1.14",
    "vitaminE1": "0.70",
    "vitaminE2": "0.34",
    "vitaminE3": "0.31",
    "Ca": "56",
    "P": "130",
    "K": "154",
    "Na": "131.5",
    "Mg": "10.0",
    "Fe": "1.6",
    "Zn": "0.89",
    "Se": "13.96",
    "Cu": "0.19 0.03",
    "Mn": "",
    "remark": "",
    "tags": "1",
    "category": "egg"
  },
  {
    "foodCode": "d14100",
    "foodName": "大白菜",
    "foodNameEn": "cabbage",
    "edible": "89",
    "water": "94.4",
    "energyKCal": "20",
    "energyKJ": "82",
    "protein": "1.6",
    "fat": "0.2",
    "CHO": "3.4",
    "dietaryFiber": "0.9",
    "cholesterol": "0",
    "ash": "0.7",
    "vitaminA": "7.0",
    "carotene": "80.0",
    "retinol": "0",
    "thiamin": "0.05",
    "riboflavin": "0.04",
    "niacin": "0.65",
    "vitaminC": "37.5",
    "vitaminETotal": "0.36",
    "vitaminE1": "0.36",
    "vitaminE2": "Tr",
    "vitaminE3": "Tr",
    "Ca": "57",
    "P": "33",
    "K": "134",
    "Na": "68.9 12",
    "Mg": "0.8",
    "Fe": "0.46",
    "Zn": "0.57",
    "Se": "0.06",
    "Cu": "0.19",
    "Mn": "",
    "tags": "1",
    "category": "vegetable"
  },
  {
    "foodCode": "d14101",
    "foodName": "油菜",
    "foodNameEn": "Bok choy",
    "edible": "96",
    "water": "95.6",
    "energyKCal": "14",
    "energyKJ": "57",
    "protein": "1.3",
    "fat": "0.5",
    "CHO": "2.0",
    "dietaryFiber": "",
    "cholesterol": "0",
    "ash": "0.9",
    "vitaminA": "90",
    "carotene": "1083",
    "retinol": "0",
    "thiamin": "0.02",
    "riboflavin": "0.05",
    "niacin": "0.55",
    "vitaminC": "",
    "vitaminETotal": "Tr",
    "vitaminE1": "Tr",
    "vitaminE2": "Tr",
    "vitaminE3": "Tr",
    "Ca": "148",
    "P": "23",
    "K": "175",
    "Na": "73.7",
    "Mg": "25",
    "Fe": "0.9",
    "Zn": "0.31",
    "Se": "0.73",
    "Cu": "0.03",
    "Mn": "0.23",
    "remark": "",
    "tags": "1",
    "category": "vegetable"
  },
  {
    "foodCode": "d14102",
    "foodName": "菜花",
    "foodNameEn": "brocoli",
    "edible": "82",
    "water": "93.2",
    "energyKCal": "20",
    "energyKJ": "83",
    "protein": "1.7",
    "fat": "0.2",
    "CHO": "4.2",
    "dietaryFiber": "2.1",
    "cholesterol": "0",
    "ash": "0.7",
    "vitaminA": "1",
    "carotene": "11",
    "retinol": "0",
    "thiamin": "0.04",
    "riboflavin": "0.04",
    "niacin": "0.32",
    "vitaminC": "32.0",
    "vitaminETotal": "Tr",
    "vitaminE1": "Tr",
    "vitaminE2": "Tr",
    "vitaminE3": "Tr",
    "Ca": "31",
    "P": "32",
    "K": "206",
    "Na": "39.2",
    "Mg": "18",
    "Fe": "0.4",
    "Zn": "0.17",
    "Se": "2.86",
    "Cu": "0.02",
    "Mn": "0.09",
    "remark": "",
    "tags": "1",
    "category": "vegetable"
  },
  {
    "foodCode": "d14104",
    "foodName": "菠菜（鲜）",
    "foodNameEn": "spinach",
    "edible": "89",
    "water": "91.2",
    "energyKCal": "28",
    "energyKJ": "116",
    "protein": "2.6",
    "fat": "0.3",
    "CHO": "4.5",
    "dietaryFiber": "1.7",
    "cholesterol": "0",
    "ash": "1.4",
    "vitaminA": "243",
    "carotene": "2920",
    "retinol": "0",
    "thiamin": "0.04",
    "riboflavin": "0.11",
    "niacin": "0.6",
    "vitaminC": "32.0",
    "vitaminETotal": "1.74",
    "vitaminE1": "1.46",
    "vitaminE2": "0.28",
    "vitaminE3": "Tr",
    "Ca": "66",
    "P": "47",
    "K": "311",
    "Na": "85.2",
    "Mg": "58",
    "Fe": "2.9",
    "Zn": "0.85",
    "Se": "0.97",
    "Cu": "0.1",
    "Mn": "0.66",
    "remark": "",
    "tags": "1",
    "category": "vegetable"
  },
  {
    "foodCode": "d14105",
    "foodName": "胡萝卜(红，鲜)",
    "foodNameEn": "carrot",
    "edible": "100",
    "water": "82.2",
    "energyKCal": "48",
    "energyKJ": "199",
    "protein": "1.7",
    "fat": "0.4",
    "CHO": "11.3",
    "dietaryFiber": "4.0",
    "cholesterol": "0",
    "ash": "4.4",
    "vitaminA": "81",
    "carotene": "970",
    "retinol": "0 0.04",
    "thiamin": "",
    "riboflavin": "-",
    "niacin": "",
    "vitaminC": "41.0",
    "vitaminETotal": "",
    "vitaminE1": "-",
    "vitaminE2": "-",
    "vitaminE3": "-",
    "Ca": "350",
    "P": "39",
    "K": "493",
    "Na": "74.6",
    "Mg": "33",
    "Fe": "8.1",
    "Zn": "0.67",
    "Se": "0.89",
    "Cu": "0.12",
    "Mn": "0.36",
    "remark": "甘肃",
    "tags": "1",
    "category": "vegetable"
  },
  {
    "foodCode": "d14106",
    "foodName": "白萝卜（鲜）[莱］",
    "foodNameEn": "radish",
    "edible": "95",
    "water": "94.6",
    "energyKCal": "16",
    "energyKJ": "67",
    "protein": "0.7",
    "fat": "0.1",
    "CHO": "4.0",
    "dietaryFiber": "",
    "cholesterol": "0",
    "ash": "0.6",
    "vitaminA": "Tr",
    "carotene": "Tr",
    "retinol": "0 0.02",
    "thiamin": "",
    "riboflavin": "0.01",
    "niacin": "0.14",
    "vitaminC": "19.0",
    "vitaminETotal": "Tr",
    "vitaminE1": "Tr",
    "vitaminE2": "Tr",
    "vitaminE3": "Tr",
    "Ca": "47",
    "P": "16",
    "K": "167",
    "Na": "54.3",
    "Mg": "12",
    "Fe": "0.2 0.14",
    "Zn": "0.12",
    "Se": "0.01",
    "Cu": "0.05",
    "Mn": "",
    "tags": "1",
    "category": "vegetable"
  },
  {
    "foodCode": "d14107",
    "foodName": "茄子",
    "foodNameEn": "eggplant",
    "edible": "93",
    "water": "93.4",
    "energyKCal": "23",
    "energyKJ": "97",
    "protein": "1.1",
    "fat": "0.2 4.9",
    "CHO": "",
    "dietaryFiber": "1.3",
    "cholesterol": "0",
    "ash": "0.4",
    "vitaminA": "4",
    "carotene": "50",
    "retinol": "0",
    "thiamin": "",
    "riboflavin": "0.04",
    "niacin": "0.60",
    "vitaminC": "5.0",
    "vitaminETotal": "1.13",
    "vitaminE1": "1.13",
    "vitaminE2": "Tr",
    "vitaminE3": "Tr",
    "Ca": "24",
    "P": "23",
    "K": "142",
    "Na": "5.4",
    "Mg": "13",
    "Fe": "0.5",
    "Zn": "0.23",
    "Se": "0.48",
    "Cu": "0.1",
    "Mn": "0.13",
    "remark": "",
    "tags": "1",
    "category": "vegetable"
  },
  {
    "foodCode": "d14108",
    "foodName": "辣椒",
    "foodNameEn": "chili",
    "edible": "80",
    "water": "88.8",
    "energyKCal": "38",
    "energyKJ": "159",
    "protein": "1.3",
    "fat": "0.4",
    "CHO": "8.9",
    "dietaryFiber": "3.2",
    "cholesterol": "0",
    "ash": "0.6",
    "vitaminA": "116",
    "carotene": "1390",
    "retinol": "0",
    "thiamin": "0.03",
    "riboflavin": "0.06",
    "niacin": "0.80",
    "vitaminC": "144.0",
    "vitaminETotal": "0.44",
    "vitaminE1": "0.37",
    "vitaminE2": "0.07",
    "vitaminE3": "Tr",
    "Ca": "37",
    "P": "95",
    "K": "222",
    "Na": "2.6",
    "Mg": "16",
    "Fe": "1.4",
    "Zn": "0.3",
    "Se": "1.90",
    "Cu": "0.11",
    "Mn": "0.18",
    "remark": "",
    "tags": "1",
    "category": "vegetable"
  },
  {
    "foodCode": "d14109",
    "foodName": "番茄[西红柿]",
    "foodNameEn": "tomato",
    "edible": "97",
    "water": "95.2",
    "energyKCal": "15",
    "energyKJ": "62",
    "protein": "0.9",
    "fat": "0.2",
    "CHO": "3.3",
    "dietaryFiber": "",
    "cholesterol": "0",
    "ash": "0.4",
    "vitaminA": "31",
    "carotene": "375",
    "retinol": "0",
    "thiamin": "0.02",
    "riboflavin": "0.01",
    "niacin": "0.49",
    "vitaminC": "14.0",
    "vitaminETotal": "0.42",
    "vitaminE1": "0.26",
    "vitaminE2": "0.16",
    "vitaminE3": "Tr",
    "Ca": "4",
    "P": "24",
    "K": "179",
    "Na": "9.7",
    "Mg": "12",
    "Fe": "0.2",
    "Zn": "0.12",
    "Se": "Tr",
    "Cu": "0.04",
    "Mn": "0.06",
    "remark": "",
    "tags": "1",
    "category": "vegetable"
  },
  {
    "foodCode": "d14110",
    "foodName": "南瓜（鲜）[倭瓜，番瓜]",
    "foodNameEn": "pumpkin",
    "edible": "85",
    "water": "93.5",
    "energyKCal": "23",
    "energyKJ": "97",
    "protein": "0.7 0.1",
    "fat": "5.3",
    "CHO": "0.8",
    "dietaryFiber": "0",
    "cholesterol": "0.4",
    "ash": "74",
    "vitaminA": "890",
    "carotene": "0",
    "retinol": "0.03",
    "thiamin": "0.04",
    "niacin": "0.40",
    "vitaminC": "8.0",
    "vitaminETotal": "0.36",
    "vitaminE1": "0.29",
    "vitaminE2": "0.07",
    "vitaminE3": "Tr",
    "Ca": "16",
    "P": "24",
    "K": "145",
    "Na": "0.8 8",
    "Mg": "0.4",
    "Fe": "0.14",
    "Zn": "0.46",
    "Se": "0.03",
    "Cu": "0.08",
    "Mn": "",
    "tags": "1",
    "category": "vegetable"
  },
  {
    "foodCode": "d14111",
    "foodName": "冬瓜",
    "foodNameEn": "winter melon",
    "edible": "80",
    "water": "96.9",
    "energyKCal": "10",
    "energyKJ": "43",
    "protein": "0.3",
    "fat": "0.2 2.4",
    "CHO": "",
    "dietaryFiber": "0",
    "cholesterol": "0.2",
    "ash": "Tr",
    "vitaminA": "Tr",
    "carotene": "0",
    "retinol": "Tr",
    "thiamin": "Tr",
    "niacin": "0.22",
    "vitaminC": "16.0",
    "vitaminETotal": "0.04",
    "vitaminE1": "0.04",
    "vitaminE2": "Tr",
    "vitaminE3": "Tr",
    "Ca": "12",
    "P": "11",
    "K": "57 2.8",
    "Na": "10",
    "Mg": "0.1",
    "Fe": "0.1",
    "Zn": "0.02",
    "Se": "0.01",
    "Cu": "0.02",
    "Mn": "",
    "tags": "1",
    "category": "vegetable"
  },
  {
    "foodCode": "d14112",
    "foodName": "秋黄瓜",
    "foodNameEn": "cucumber",
    "edible": "92",
    "water": "96.0",
    "energyKCal": "14",
    "energyKJ": "57",
    "protein": "0.9",
    "fat": "0.2",
    "CHO": "2.5",
    "dietaryFiber": "",
    "cholesterol": "0",
    "ash": "0.4",
    "vitaminA": "3",
    "carotene": "40",
    "retinol": "0",
    "thiamin": "0.02",
    "riboflavin": "0.01",
    "niacin": "",
    "vitaminC": "-",
    "vitaminETotal": "Tr",
    "vitaminE1": "Tr",
    "vitaminE2": "Tr",
    "vitaminE3": "Tr",
    "Ca": "9",
    "P": "23",
    "K": "141",
    "Na": "2.2",
    "Mg": "9",
    "Fe": "0.2",
    "Zn": "0.17",
    "Se": "0.1",
    "Cu": "0.03",
    "Mn": "0.07",
    "remark": "",
    "tags": "1",
    "category": "vegetable"
  },
  {
    "foodCode": "d14113",
    "foodName": "豆角",
    "foodNameEn": "beans",
    "edible": "96",
    "water": "90.0",
    "energyKCal": "34",
    "energyKJ": "144",
    "protein": "2.5",
    "fat": "0.2",
    "CHO": "6.7",
    "dietaryFiber": "2.1",
    "cholesterol": "0",
    "ash": "0.6",
    "vitaminA": "17.0",
    "carotene": "200.0",
    "retinol": "0",
    "thiamin": "0.05",
    "riboflavin": "0.07",
    "niacin": "0.90",
    "vitaminC": "18.0",
    "vitaminETotal": "2.24",
    "vitaminE1": "0.23",
    "vitaminE2": "1.74",
    "vitaminE3": "0.27",
    "Ca": "29",
    "P": "55",
    "K": "207.0",
    "Na": "3.4 35",
    "Mg": "",
    "Fe": "1.5",
    "Zn": "0.54 2.16",
    "Se": "0.15",
    "Cu": "0.41",
    "Mn": "",
    "tags": "1",
    "category": "vegetable"
  },
  {
    "foodCode": "d14114",
    "foodName": "四季豆【菜豆、芸豆]",
    "foodNameEn": "French beans",
    "edible": "96",
    "water": "91.2",
    "energyKCal": "24",
    "energyKJ": "101",
    "protein": "2.0",
    "fat": "0.2",
    "CHO": "6.0",
    "dietaryFiber": "",
    "cholesterol": "0",
    "ash": "0.6",
    "vitaminA": "8.0",
    "carotene": "96.0",
    "retinol": "0",
    "thiamin": "0.02",
    "riboflavin": "0.05",
    "niacin": "0.26",
    "vitaminC": "Tr",
    "vitaminETotal": "Tr",
    "vitaminE1": "Tr",
    "vitaminE2": "Tr",
    "vitaminE3": "Tr",
    "Ca": "43",
    "P": "47 196",
    "K": "",
    "Na": "4.4 27",
    "Mg": "0.6",
    "Fe": "0.33",
    "Zn": "0.04",
    "Se": "0.05",
    "Cu": "0.26",
    "Mn": "",
    "tags": "1",
    "category": "vegetable"
  },
  {
    "foodCode": "e15101",
    "foodName": "鱼",
    "foodNameEn": "fish",
    "edible": "58",
    "water": "77.3",
    "energyKCal": "113",
    "energyKJ": "475",
    "protein": "16.6",
    "fat": "5.2",
    "CHO": "0.0",
    "dietaryFiber": "0.0",
    "cholesterol": "86",
    "ash": "1.1",
    "vitaminA": "11",
    "carotene": "0",
    "retinol": "11",
    "thiamin": "0.04",
    "riboflavin": "0.11",
    "niacin": "2.8",
    "vitaminC": "Tr",
    "vitaminETotal": "2.03",
    "vitaminE1": "2.03",
    "vitaminE2": "Tr",
    "vitaminE3": "Tr",
    "Ca": "38.0",
    "P": "203",
    "K": "312.0",
    "Na": "46.0",
    "Mg": "31",
    "Fe": "0.8",
    "Zn": "0.87",
    "Se": "6.66",
    "Cu": "0.05",
    "Mn": "0.05",
    "remark": "",
    "tags": "1",
    "category": "seafood"
  },
  {
    "foodCode": "e15102",
    "foodName": "虾[水虾米]",
    "foodNameEn": "shrimp",
    "edible": "57",
    "water": "77.3",
    "energyKCal": "81",
    "energyKJ": "343",
    "protein": "17.3",
    "fat": "0.4",
    "CHO": "2.0",
    "dietaryFiber": "0.0",
    "cholesterol": "103",
    "ash": "3.0",
    "vitaminA": "54",
    "carotene": "-",
    "retinol": "54 0.05",
    "thiamin": "",
    "riboflavin": "0.03",
    "niacin": "-",
    "vitaminC": "Tr",
    "vitaminETotal": "3.34",
    "vitaminE1": "0.01",
    "vitaminE2": "0.12",
    "vitaminE3": "3.21",
    "Ca": "403",
    "P": "267",
    "K": "255",
    "Na": "90.7",
    "Mg": "26",
    "Fe": "2.1",
    "Zn": "2.03",
    "Se": "0.99",
    "Cu": "0.25",
    "Mn": "",
    "remark": "合肥",
    "tags": "1",
    "category": "seafood"
  },
  {
    "foodCode": "e15103",
    "foodName": "海蟹",
    "foodNameEn": "crab",
    "edible": "55",
    "water": "77.1",
    "energyKCal": "95",
    "energyKJ": "400",
    "protein": "13.8",
    "fat": "2.3",
    "CHO": "4.7",
    "dietaryFiber": "0.0",
    "cholesterol": "125",
    "ash": "2.1",
    "vitaminA": "30",
    "carotene": "-",
    "retinol": "30",
    "thiamin": "0.01",
    "riboflavin": "0.1",
    "niacin": "2.5",
    "vitaminC": "Tr",
    "vitaminETotal": "2.99",
    "vitaminE1": "0.96",
    "vitaminE2": "2.03",
    "vitaminE3": "Tr",
    "Ca": "208.0",
    "P": "142",
    "K": "232",
    "Na": "260.0",
    "Mg": "47",
    "Fe": "1.6",
    "Zn": "3.32",
    "Se": "82.65",
    "Cu": "1.67",
    "Mn": "0.18",
    "remark": "",
    "tags": "1",
    "category": "seafood"
  },
  {
    "foodCode": "f16101",
    "foodName": "纯牛奶",
    "foodNameEn": "pure milk",
    "edible": "100",
    "water": "87.6",
    "energyKCal": "65",
    "energyKJ": "271",
    "protein": "3.3",
    "fat": "3.6",
    "CHO": "4.9",
    "dietaryFiber": "0.0",
    "cholesterol": "17",
    "ash": "0.7",
    "vitaminA": "54",
    "carotene": "",
    "retinol": "54",
    "thiamin": "0.03",
    "riboflavin": "0.12",
    "niacin": "0.11",
    "vitaminC": "Tr",
    "vitaminETotal": "0.13",
    "vitaminE1": "0.09",
    "vitaminE2": "0.03",
    "vitaminE3": "0.01",
    "Ca": "107",
    "P": "90",
    "K": "180",
    "Na": "63.7",
    "Mg": "11",
    "Fe": "0.3",
    "Zn": "0.28",
    "Se": "1.34",
    "Cu": "0.01",
    "Mn": "0.01",
    "remark": "",
    "tags": "1",
    "category": "milk"
  },
  {
    "foodCode": "f16102",
    "foodName": "奶酪[干酪］",
    "foodNameEn": "cheese",
    "edible": "100",
    "water": "43.5",
    "energyKCal": "328 1366",
    "energyKJ": "25.7",
    "protein": "23.5",
    "fat": "3.5",
    "CHO": "",
    "dietaryFiber": "11.0",
    "cholesterol": "3.8",
    "ash": "152.0",
    "vitaminA": "",
    "carotene": "152.0",
    "retinol": "0.06",
    "thiamin": "0.91",
    "niacin": "0.6",
    "vitaminC": "-",
    "vitaminETotal": "0.6",
    "vitaminE1": "0.6",
    "vitaminE2": "-",
    "vitaminE3": "799",
    "Ca": "326",
    "P": "75",
    "K": "584.6",
    "Na": "57",
    "Mg": "2.4",
    "Fe": "6.97",
    "Zn": "1.5",
    "Se": "0.13",
    "Cu": "0.16",
    "Mn": "",
    "tags": "1",
    "category": "cheese"
  },
  {
    "foodCode": "f16103",
    "foodName": "酸奶",
    "foodNameEn": "yogurt",
    "edible": "100",
    "water": "100",
    "energyKCal": "81.0",
    "energyKJ": "86",
    "protein": "363",
    "fat": "2.8",
    "CHO": "2.6",
    "dietaryFiber": "12.9",
    "cholesterol": "",
    "ash": "8",
    "vitaminA": "23",
    "carotene": "",
    "retinol": "23",
    "thiamin": "0.03",
    "riboflavin": "0.12",
    "niacin": "",
    "vitaminC": "0.09",
    "vitaminETotal": "1.3",
    "vitaminE1": "0.12",
    "vitaminE2": "0.12",
    "vitaminE3": "",
    "Ca": "",
    "P": "128.0",
    "K": "76",
    "Na": "150.0",
    "Mg": "37.7",
    "Fe": "11 0.3",
    "Zn": "",
    "Se": "0.43",
    "Cu": "1.3",
    "Mn": "0.04",
    "remark": "0.01",
    "tags": "1",
    "category": "yogurt"
  },
  {
    "foodCode": "f16104",
    "foodName": "奶油",
    "foodNameEn": "cream",
    "edible": "100",
    "water": "0.7",
    "energyKCal": "879",
    "energyKJ": "3616",
    "protein": "0.7",
    "fat": "97.0",
    "CHO": "0.9",
    "dietaryFiber": "0.0",
    "cholesterol": "209",
    "ash": "0.7",
    "vitaminA": "297",
    "carotene": "Tr",
    "retinol": "297",
    "thiamin": "Tr",
    "riboflavin": "0.01",
    "niacin": "0.00",
    "vitaminC": "Tr",
    "vitaminETotal": "1.99",
    "vitaminE1": "1.17",
    "vitaminE2": "-",
    "vitaminE3": "-",
    "Ca": "14.0",
    "P": "11",
    "K": "226",
    "Na": "268.0",
    "Mg": "2",
    "Fe": "1.0",
    "Zn": "0.09",
    "Se": "0.7",
    "Cu": "0.42",
    "Mn": "Tr",
    "remark": "青海",
    "tags": "1",
    "category": "cream"
  }
]