{
  "images" : [
    {
      "filename" : "icon_40.png",
      "idiom" : "universal",
      "platform" : "ios",
      "scale" : "2x",
      "size" : "20x20"
    },
    {
      "filename" : "icon_60.png",
      "idiom" : "universal",
      "platform" : "ios",
      "scale" : "3x",
      "size" : "20x20"
    },
    {
      "filename" : "icon_58.png",
      "idiom" : "universal",
      "platform" : "ios",
      "scale" : "2x",
      "size" : "29x29"
    },
    {
      "filename" : "icon_87.png",
      "idiom" : "universal",
      "platform" : "ios",
      "scale" : "3x",
      "size" : "29x29"
    },
    {
      "filename" : "icon_76.png",
      "idiom" : "universal",
      "platform" : "ios",
      "scale" : "2x",
      "size" : "38x38"
    },
    {
      "idiom" : "universal",
      "platform" : "ios",
      "scale" : "3x",
      "size" : "38x38"
    },
    {
      "filename" : "icon_80.png",
      "idiom" : "universal",
      "platform" : "ios",
      "scale" : "2x",
      "size" : "40x40"
    },
    {
      "filename" : "icon_120.png",
      "idiom" : "universal",
      "platform" : "ios",
      "scale" : "3x",
      "size" : "40x40"
    },
    {
      "filename" : "icon_120 1.png",
      "idiom" : "universal",
      "platform" : "ios",
      "scale" : "2x",
      "size" : "60x60"
    },
    {
      "filename" : "icon_180.png",
      "idiom" : "universal",
      "platform" : "ios",
      "scale" : "3x",
      "size" : "60x60"
    },
    {
      "filename" : "icon_128.png",
      "idiom" : "universal",
      "platform" : "ios",
      "scale" : "2x",
      "size" : "64x64"
    },
    {
      "idiom" : "universal",
      "platform" : "ios",
      "scale" : "3x",
      "size" : "64x64"
    },
    {
      "idiom" : "universal",
      "platform" : "ios",
      "scale" : "2x",
      "size" : "68x68"
    },
    {
      "idiom" : "universal",
      "platform" : "ios",
      "scale" : "2x",
      "size" : "76x76"
    },
    {
      "idiom" : "universal",
      "platform" : "ios",
      "scale" : "2x",
      "size" : "83.5x83.5"
    },
    {
      "filename" : "icon_1024.png",
      "idiom" : "universal",
      "platform" : "ios",
      "size" : "1024x1024"
    }
  ],
  "info" : {
    "author" : "xcode",
    "version" : 1
  }
}
